nga_id,nga_name,year,Pop_mean,Terr_mean,Cap_mean,Government_mean,Infrastructure_mean,Information_mean,Money_mean,n_active_polities,Scale_PC1,Comp_PC1,Comp_w
1,Latium,-700,4.544068044350276,3.0,4.0,0.1818181818181818,0.5,0.6,0.1666666666666667,1,-2.535556055641838,-2.80816669870786,-1.3332739011712011
1,Latium,-600,4.544068044350276,3.0,4.551754873016566,0.2727272727272727,0.5,0.6,0.1666666666666667,1,-2.1762392596835927,-2.6402072296830617,-1.236407967301711
1,Latium,-500,5.0,3.113943352306837,4.477121254719663,0.3636363636363636,0.6666666666666666,0.8666666666666667,0.8333333333333334,1,-1.967665991391232,-0.2629589311905853,-0.17088269473731998
1,Latium,-400,5.176091259055681,3.113943352306837,4.477121254719663,0.3636363636363636,0.6666666666666666,0.8666666666666667,0.8333333333333334,1,-1.887176848151608,-0.2629589311905853,-0.17088269473731998
1,Latium,-300,5.8750612633917,4.243038048686294,4.740362689494244,0.4545454545454545,0.6666666666666666,0.8666666666666667,0.8333333333333334,1,-0.9129254821081255,-0.09499946216578727,-0.07401676086782946
1,Latium,-200,6.574031267727719,5.633468455579586,5.32221929473392,0.4545454545454545,0.8333333333333334,0.8666666666666667,0.8333333333333334,1,0.3806860924009226,0.22755617523404437,0.1197151068711506
1,Latium,-100,7.477121254719663,6.435366506612661,5.602059991327963,0.3636363636363636,0.8333333333333334,0.8666666666666667,0.8333333333333334,1,1.3189850609938065,0.05959670620924629,0.022849173001660564
1,Latium,0,7.698970004336019,6.653212513775344,6.0,0.6363636363636364,1.0,0.8666666666666667,0.8333333333333334,1,1.7727913216868472,0.8860307506834721,0.5071788423491111
1,Latium,100,7.740362689494244,6.763427993562937,6.041392685158225,0.6363636363636364,1.0,0.8666666666666667,0.8333333333333334,1,1.8658472889936204,0.8860307506834721,0.5071788423491111
1,Latium,200,7.795880017344075,6.698970004336019,6.0,0.6363636363636364,1.0,0.8666666666666667,0.8333333333333334,1,1.836675091187234,0.8860307506834721,0.5071788423491111
1,Latium,300,7.740362689494244,6.628388930050312,5.903089986991944,0.8181818181818182,1.0,0.8666666666666667,0.8333333333333334,1,1.7179749190297031,1.2219496887330683,0.7009107100880912
1,Latium,500,6.740362689494244,5.802773725291976,5.176091259055681,0.7272727272727273,1.0,0.8666666666666667,0.8333333333333334,1,0.4340263080213837,1.0539902197082702,0.6040447762186012
1,Latium,600,6.0,4.698970004336019,4.477121254719663,0.6363636363636364,0.8333333333333334,0.8666666666666667,0.8333333333333334,1,-0.8320763609034967,0.5634751132836407,0.31344697461013066
1,Latium,700,6.096910013008056,4.698970004336019,5.051152522447381,0.6363636363636364,0.8333333333333334,0.8666666666666667,0.8333333333333334,1,-0.4139562385555898,0.5634751132836407,0.31344697461013066
1,Latium,800,5.947678739936936,4.698970004336019,4.929418925714293,0.6363636363636364,0.8181818181818182,0.8666666666666667,0.8333333333333334,1,-0.5614440254036689,0.5341518735200197,0.29583498663386026
1,Latium,900,5.962606072924127,4.698970004336019,4.602059991327963,0.6363636363636364,0.8181818181818182,0.8666666666666667,0.8333333333333334,1,-0.7678053833360236,0.5341518735200197,0.29583498663386026
1,Latium,1000,5.889301702506311,4.146128035678238,4.544068044350276,0.9090909090909092,0.75,0.8666666666666667,0.6666666666666666,1,-1.0757326595850982,0.5560621364301253,0.41031290847962115
1,Latium,1100,5.849726444196328,3.778151250383644,4.544068044350276,0.9090909090909092,0.75,0.8666666666666667,0.6666666666666666,1,-1.2513417522501655,0.5560621364301253,0.41031290847962115
1,Latium,1200,5.954242509439325,4.643452676486188,4.544068044350276,0.8181818181818182,0.75,0.9333333333333332,0.8333333333333334,1,-0.8331593833855163,0.8597859654222889,0.5071788423491111
1,Latium,1300,5.954242509439325,4.643452676486188,4.544068044350276,0.8181818181818182,0.75,0.9333333333333332,0.8333333333333334,1,-0.8331593833855163,0.8597859654222889,0.5071788423491111
1,Latium,1400,5.778151250383644,4.643452676486188,4.462397997898957,0.9090909090909092,0.75,0.8666666666666667,0.8333333333333334,1,-0.96683413648883,0.9060757016581195,0.5071788423491111
1,Latium,1500,6.204119982655925,4.643452676486188,4.740362689494244,0.9090909090909092,0.75,0.8666666666666667,0.8333333333333334,1,-0.5911114097911604,0.9060757016581195,0.5071788423491111
1,Latium,1600,6.204119982655925,4.643452676486188,5.067052248342464,0.8181818181818182,0.9166666666666666,0.9333333333333332,0.8333333333333334,1,-0.3783628663726218,1.18234160282212,0.7009107100880912
1,Latium,1700,6.278753600952829,4.643452676486188,5.130333768495007,0.8181818181818182,0.8333333333333334,0.9333333333333332,1.0,1,-0.3030382255108737,1.3710773493501984,0.7009107100880912
1,Latium,1800,6.361727836017593,4.643452676486188,5.198657086954423,0.8181818181818182,0.8333333333333334,0.9333333333333332,1.0,1,-0.22061784437472398,1.3710773493501984,0.7009107100880912
2,Paris Basin,-300,4.8750612633917,3.096910013008056,1.698970004336019,0.3333333333333333,0.8571428571428571,0.2,0.8333333333333334,1,-3.8412681045825794,-1.1670077345839598,-0.9504228292108359
2,Paris Basin,-200,4.8750612633917,3.096910013008056,3.352182518111363,0.3333333333333333,0.8571428571428571,0.2,0.8333333333333334,1,-2.7646540998160125,-1.1670077345839598,-0.9504228292108359
2,Paris Basin,-100,4.8750612633917,4.176091259055681,3.954242509439325,0.3333333333333333,0.875,0.2,0.8333333333333334,1,-1.9106124873489296,-1.1324482020054063,-0.929665843381659
2,Paris Basin,0,7.698970004336019,6.653212513775344,6.0,0.6363636363636364,1.0,0.8666666666666667,0.8333333333333334,1,1.7727913216868472,0.8860307506834721,0.5071788423491111
2,Paris Basin,100,7.740362689494244,6.763427993562937,6.041392685158225,0.6363636363636364,1.0,0.8666666666666667,0.8333333333333334,1,1.8658472889936204,0.8860307506834721,0.5071788423491111
2,Paris Basin,200,7.795880017344075,6.698970004336019,6.0,0.6363636363636364,1.0,0.8666666666666667,0.8333333333333334,1,1.836675091187234,0.8860307506834721,0.5071788423491111
2,Paris Basin,300,7.740362689494244,6.628388930050312,5.903089986991944,0.8181818181818182,1.0,0.8666666666666667,0.8333333333333334,1,1.7179749190297031,1.2219496887330683,0.7009107100880912
2,Paris Basin,400,7.176091259055681,6.113943352306837,5.477121254719663,0.9090909090909092,0.9166666666666666,0.9333333333333332,0.8333333333333334,1,0.9624331522985943,1.3503010718469182,0.7977766439575813
2,Paris Basin,500,6.738560627359831,5.772034022175138,5.048455006504028,0.7727272727272727,0.9583333333333331,0.7333333333333334,0.8333333333333334,2,0.33692389915572024,0.8139915792927757,0.41031290847962115
2,Paris Basin,600,6.0,5.361727836017593,4.397940008672037,0.6363636363636364,1.0,0.6,0.8333333333333334,1,-0.5999346221244374,0.399351819527601,0.1197151068711506
2,Paris Basin,700,6.0,5.397940008672037,4.397940008672037,0.6363636363636364,1.0,0.6666666666666666,0.8333333333333334,1,-0.5844332864703029,0.5210215523165688,0.21658104074064063
2,Paris Basin,900,6.653212513775344,5.903089986991944,4.0,0.6,0.7777777777777778,0.5333333333333333,0.8333333333333334,1,-0.328767123580016,-0.2195758840710613,-0.2742063575314425
2,Paris Basin,1000,5.8750612633917,4.176091259055681,4.397940008672037,0.3,0.7,0.5333333333333333,0.8333333333333334,1,-1.1645777298323725,-0.9243680959728162,-0.6842721442456172
2,Paris Basin,1100,5.8750612633917,4.176091259055681,4.397940008672037,0.3,0.7,0.5333333333333333,0.8333333333333334,1,-1.1645777298323725,-0.9243680959728162,-0.6842721442456172
2,Paris Basin,1200,6.602059991327963,4.903089986991944,4.439332693830263,0.9090909090909092,0.8181818181818182,0.6666666666666666,0.8333333333333334,1,-0.4941134440241889,0.6730210822275108,0.29583498663386026
2,Paris Basin,1300,7.230448921378274,5.544068044350276,5.301029995663981,0.8181818181818182,0.8181818181818182,0.6666666666666666,0.8333333333333334,1,0.6286578863395585,0.5050616132027127,0.19896905276436977
2,Paris Basin,1400,6.954242509439325,5.5910646070265,5.477121254719663,1.0,0.8888888888888888,0.6666666666666666,0.8333333333333334,1,0.6372002511512939,0.9778223368158735,0.47489019772594737
2,Paris Basin,1500,7.204119982655925,5.653212513775344,5.439332693830263,0.9090909090909092,0.8571428571428571,0.8,0.8333333333333334,1,0.75341093067161,0.9917631643404718,0.5348548234546796
2,Paris Basin,1600,7.267171728403014,5.968949680981343,5.389166084364533,0.9090909090909092,0.9,0.8666666666666667,0.8333333333333334,1,0.8847188650234458,1.1963757753179676,0.6815375233141929
2,Paris Basin,1700,7.338456493604605,6.352182518111363,5.724275869600789,0.9090909090909092,1.0,0.8,1.0,1,1.2995846454152578,1.6182529901968927,0.7977766439575813
2,Paris Basin,1800,7.45484486000851,6.352182518111363,5.745074791582057,0.9090909090909092,1.0,0.8,1.0,1,1.3663291191752416,1.6182529901968927,0.7977766439575813
3,Iceland,1000,4.096910013008056,5.012837224705172,2.397940008672037,0.0909090909090909,0.0,0.2,0.6666666666666666,1,-2.921613934968669,-3.6237707809819772,-2.3019332398661025
3,Iceland,1100,4.477121254719663,5.012837224705172,2.397940008672037,0.1818181818181818,0.0,0.4666666666666667,0.6666666666666666,1,-2.7478240645369745,-2.9691323808013084,-1.8176035705186517
3,Iceland,1200,4.602059991327963,5.012837224705172,2.397940008672037,0.1818181818181818,0.0,0.8666666666666667,0.6666666666666666,1,-2.6907161085772566,-2.239113984067502,-1.236407967301711
3,Iceland,1300,4.845098040014257,5.012837224705172,2.397940008672037,0.5454545454545454,0.0,0.8666666666666667,0.6666666666666666,1,-2.57962641327782,-1.567276107968309,-0.8489442318237507
4,Crete,-1400,4.812913356642856,3.698970004336019,4.0,0.4,0.5454545454545454,0.3333333333333333,0.5,1,-2.113462264139674,-2.1037460544573645,-1.2416915636945924
4,Crete,-1300,4.812913356642856,3.698970004336019,4.0,0.4,0.5454545454545454,0.3333333333333333,0.5,1,-2.113462264139674,-2.1037460544573645,-1.2416915636945924
4,Crete,-500,4.243038048686294,2.352182518111363,3.602059991327963,0.7272727272727273,0.5454545454545454,0.8,0.8333333333333334,1,-3.2096128687733625,0.0526232940106711,-0.021180796939016852
4,Crete,-400,4.243038048686294,2.352182518111363,3.602059991327963,0.7272727272727273,0.5454545454545454,0.8,0.8333333333333334,1,-3.2096128687733625,0.0526232940106711,-0.021180796939016852
4,Crete,-300,4.243038048686294,2.352182518111363,4.380211241711606,0.7272727272727273,0.5833333333333334,0.8666666666666667,0.8333333333333334,1,-2.702860998091908,0.24760112620869162,0.1197151068711506
4,Crete,-200,4.243038048686294,2.352182518111363,4.380211241711606,0.7272727272727273,0.5833333333333334,0.8666666666666667,0.8333333333333334,1,-2.702860998091908,0.24760112620869162,0.1197151068711506
4,Crete,-100,4.243038048686294,2.352182518111363,4.380211241711606,0.7272727272727273,0.5833333333333334,0.8666666666666667,0.8333333333333334,1,-2.702860998091908,0.24760112620869162,0.1197151068711506
4,Crete,0,7.698970004336019,6.653212513775344,6.0,0.6363636363636364,1.0,0.8666666666666667,0.8333333333333334,1,1.7727913216868472,0.8860307506834721,0.5071788423491111
4,Crete,100,7.740362689494244,6.763427993562937,6.041392685158225,0.6363636363636364,1.0,0.8666666666666667,0.8333333333333334,1,1.8658472889936204,0.8860307506834721,0.5071788423491111
4,Crete,200,7.795880017344075,6.698970004336019,6.0,0.6363636363636364,1.0,0.8666666666666667,0.8333333333333334,1,1.836675091187234,0.8860307506834721,0.5071788423491111
4,Crete,300,7.740362689494244,6.628388930050312,5.903089986991944,0.8181818181818182,1.0,0.8666666666666667,0.8333333333333334,1,1.7179749190297031,1.2219496887330683,0.7009107100880912
4,Crete,400,7.176091259055681,6.113943352306837,5.477121254719663,0.9090909090909092,0.9166666666666666,0.9333333333333332,0.8333333333333334,1,0.9624331522985943,1.3503010718469182,0.7977766439575813
4,Crete,500,7.301029995663981,6.146128035678238,5.698970004336019,0.9090909090909092,0.9166666666666666,0.9333333333333332,0.8333333333333334,1,1.1777919415421183,1.3503010718469182,0.7977766439575813
4,Crete,600,7.138302698166282,6.217483944213907,5.301029995663981,0.9090909090909092,0.9166666666666666,0.9333333333333332,0.8333333333333334,1,0.8748079590466706,1.3503010718469182,0.7977766439575813
4,Crete,700,6.759667844689631,5.767155866082181,5.010723865391773,0.9090909090909092,0.9166666666666666,0.8666666666666667,0.8333333333333334,1,0.3199120788676437,1.2286313390579506,0.7009107100880912
4,Crete,800,6.812913356642856,5.767155866082181,5.352182518111363,0.9090909090909092,0.9166666666666666,0.8666666666666667,0.8333333333333334,1,0.5666164985420193,1.2286313390579506,0.7009107100880912
4,Crete,900,5.397940008672037,3.920957705955449,4.079181246047625,0.7,0.6666666666666666,0.8,0.8333333333333334,1,-1.6994627356339167,0.23682137141219994,0.09065532671030396
4,Crete,1000,7.079181246047625,5.90848501887865,5.301029995663981,0.9090909090909092,0.9166666666666666,0.8666666666666667,0.8333333333333334,1,0.7155111799054799,1.2286313390579506,0.7009107100880912
4,Crete,1100,6.740362689494244,5.759667844689631,5.397940008672037,1.0,0.9166666666666666,0.8666666666666667,0.8333333333333334,1,0.5600475284928551,1.3965908080827485,0.7977766439575813
4,Crete,1200,6.863322860120456,5.732393759822968,5.397940008672037,1.0,0.9166666666666666,0.8666666666666667,0.8333333333333334,1,0.6045758956791963,1.3965908080827485,0.7977766439575813
4,Crete,1700,7.380211241711606,6.691965102767361,5.845098040014257,1.0,0.9166666666666666,0.9333333333333332,0.8333333333333334,1,1.542803339630552,1.518260540871716,0.8946425778270714
4,Crete,1800,7.380211241711606,6.673020907128897,5.755874855672491,1.0,0.9166666666666666,0.9333333333333332,0.8333333333333334,1,1.47658949734289,1.518260540871716,0.8946425778270714
5,Upper Egypt,-3800,4.113943352306837,1.096910013008056,2.096910013008056,0.0,0.2727272727272727,0.0666666666666666,0.5,1,-4.786156567442093,-3.857264965067526,-2.372381191771186
5,Upper Egypt,-3700,4.113943352306837,3.795880017344075,3.176091259055681,0.0,0.2727272727272727,0.0666666666666666,0.5,1,-2.9280189010591067,-3.857264965067526,-2.372381191771186
5,Upper Egypt,-3600,4.113943352306837,3.795880017344075,4.113943352306837,0.0,0.2727272727272727,0.0666666666666666,0.5,1,-2.3172657827633643,-3.857264965067526,-2.372381191771186
5,Upper Egypt,-3500,4.113943352306837,4.096910013008056,4.0,0.0,0.3,0.2666666666666667,0.5,1,-2.262606754969056,-3.4394739351261046,-2.050081811805428
5,Upper Egypt,-3400,4.698970004336019,4.096910013008056,4.0,0.0,0.3,0.2666666666666667,0.5,1,-1.9951982859360489,-3.4394739351261046,-2.050081811805428
5,Upper Egypt,-3300,4.698970004336019,4.096910013008056,4.0,0.0,0.3,0.2666666666666667,0.5,1,-1.9951982859360489,-3.4394739351261046,-2.050081811805428
5,Upper Egypt,-3100,6.0,4.903089986991944,4.113943352306837,0.0909090909090909,0.7272727272727273,0.6666666666666666,0.5,1,-0.9812094512749541,-1.7145807080333868,-0.8753622137881573
5,Upper Egypt,-3000,6.0,4.903089986991944,4.113943352306837,0.0909090909090909,0.7272727272727273,0.6666666666666666,0.5,1,-0.9812094512749541,-1.7145807080333868,-0.8753622137881573
5,Upper Egypt,-2900,6.030348920176806,4.951544993495972,4.113943352306837,0.0909090909090909,0.7272727272727273,0.6333333333333333,0.5,2,-0.946595211610748,-1.7754155744278708,-0.9237951807229022
5,Upper Egypt,-2800,6.060697840353612,5.426511261364575,4.113943352306837,0.0909090909090909,0.7272727272727273,0.6,0.5,1,-0.7294044034050442,-1.8362504408223546,-0.9722281476576472
5,Upper Egypt,-2700,6.060697840353612,5.477121254719663,4.113943352306837,0.0909090909090909,0.7272727272727273,0.6,0.5,1,-0.7077397962593456,-1.8362504408223546,-0.9722281476576472
5,Upper Egypt,-2600,6.096910013008056,5.32735893438633,4.698970004336019,0.7,0.6666666666666666,0.8666666666666667,0.5,1,-0.374312153462836,-0.3415360262548203,-0.006210607159186541
5,Upper Egypt,-2500,6.096910013008056,5.32735893438633,4.698970004336019,0.7,0.6666666666666666,0.8666666666666667,0.5,1,-0.374312153462836,-0.3415360262548203,-0.006210607159186541
5,Upper Egypt,-2400,6.096910013008056,5.32735893438633,4.698970004336019,0.7,0.6666666666666666,0.8666666666666667,0.5,1,-0.374312153462836,-0.3415360262548203,-0.006210607159186541
5,Upper Egypt,-2300,6.176091259055681,5.273001272063738,4.602059991327963,0.6,0.75,0.8,0.5,1,-0.42449851649359666,-0.4866833562711501,-0.11276313441562577
5,Upper Egypt,-2200,6.176091259055681,5.273001272063738,4.602059991327963,0.6,0.75,0.8,0.5,1,-0.42449851649359666,-0.4866833562711501,-0.11276313441562577
5,Upper Egypt,-2000,6.301029995663981,5.376576957056512,4.477121254719663,0.6,0.75,0.8,0.5,1,-0.404416223622216,-0.4866833562711501,-0.11276313441562577
5,Upper Egypt,-1900,6.301029995663981,5.615950051656401,4.477121254719663,0.6,0.75,0.8,0.5,1,-0.3019478431312036,-0.4866833562711501,-0.11276313441562577
5,Upper Egypt,-1800,6.301029995663981,5.653212513775344,4.477121254719663,0.6,0.75,0.8,0.5,1,-0.28599691032976254,-0.4866833562711501,-0.11276313441562577
5,Upper Egypt,-1700,6.301029995663981,5.653212513775344,4.477121254719663,0.6,0.75,0.8,0.5,1,-0.28599691032976254,-0.4866833562711501,-0.11276313441562577
5,Upper Egypt,-1500,6.593839661081272,5.812913356642856,4.812913356642856,0.7,0.75,0.8666666666666667,0.5,1,0.13488222778074865,-0.18025820755490454,0.09065532671030396
5,Upper Egypt,-1400,6.593839661081272,5.954242509439325,4.812913356642856,0.7,0.75,0.8666666666666667,0.5,1,0.19538096272599098,-0.18025820755490454,0.09065532671030396
5,Upper Egypt,-1300,6.593839661081272,6.0,4.812913356642856,0.7,0.75,0.8666666666666667,0.5,1,0.21496836021910642,-0.18025820755490454,0.09065532671030396
5,Upper Egypt,-1200,6.397940008672037,5.872738827472669,5.439332693830263,0.7,0.9,0.8666666666666667,0.5,1,0.47888857905507937,0.1100418661049438,0.26501400767538563
5,Upper Egypt,-1100,6.397940008672037,5.753583058892906,5.439332693830263,0.7,0.9,0.8666666666666667,0.5,1,0.42788159912302554,0.1100418661049438,0.26501400767538563
5,Upper Egypt,-700,6.439332693830263,5.812913356642856,4.812913356642856,0.5555555555555556,0.8181818181818182,0.8666666666666667,0.5,1,0.06425899818220276,-0.3151725627357888,0.016000066566443982
5,Upper Egypt,-600,6.332438459915606,5.544068044350276,4.698970004336019,0.6363636363636364,1.0,0.8666666666666667,0.5,1,-0.1738883902605421,0.18600362022748404,0.31344697461013066
5,Upper Egypt,-500,7.361727836017593,6.711807229041191,5.301029995663981,1.0,1.0,0.9333333333333332,0.8333333333333334,1,1.1885376790337456,1.6795383595716318,0.9915085116965618
5,Upper Egypt,-400,6.9271530209005405,6.174578031740587,5.088045629527841,0.7727272727272727,0.9583333333333331,0.9333333333333332,0.8333333333333334,2,0.6212264898017525,1.1790007776596785,0.7009107100880912
5,Upper Egypt,-300,6.845098040014257,6.0,5.0,0.9090909090909092,0.9166666666666666,1.0,0.8333333333333334,1,0.4516510440077057,1.4719708046358861,0.8946425778270714
5,Upper Egypt,-200,6.602059991327963,5.920645001406788,5.477121254719663,0.8181818181818182,0.9166666666666666,1.0,0.8333333333333334,1,0.6173053613260702,1.304011335611088,0.7977766439575813
5,Upper Egypt,-100,6.602059991327963,5.571708831808688,5.698970004336019,0.8181818181818182,0.9166666666666666,1.0,0.8333333333333334,1,0.6124098867910517,1.304011335611088,0.7977766439575813
5,Upper Egypt,0,7.698970004336019,6.653212513775344,6.0,0.6363636363636364,1.0,0.8666666666666667,0.8333333333333334,1,1.7727913216868472,0.8860307506834721,0.5071788423491111
5,Upper Egypt,100,7.740362689494244,6.763427993562937,6.041392685158225,0.6363636363636364,1.0,0.8666666666666667,0.8333333333333334,1,1.8658472889936204,0.8860307506834721,0.5071788423491111
5,Upper Egypt,200,7.795880017344075,6.698970004336019,6.0,0.6363636363636364,1.0,0.8666666666666667,0.8333333333333334,1,1.836675091187234,0.8860307506834721,0.5071788423491111
5,Upper Egypt,300,7.740362689494244,6.628388930050312,5.903089986991944,0.8181818181818182,1.0,0.8666666666666667,0.8333333333333334,1,1.7179749190297031,1.2219496887330683,0.7009107100880912
5,Upper Egypt,400,7.176091259055681,6.113943352306837,5.477121254719663,0.9090909090909092,0.9166666666666666,0.9333333333333332,0.8333333333333334,1,0.9624331522985943,1.3503010718469182,0.7977766439575813
5,Upper Egypt,500,7.301029995663981,6.146128035678238,5.698970004336019,0.9090909090909092,0.9166666666666666,0.9333333333333332,0.8333333333333334,1,1.1777919415421183,1.3503010718469182,0.7977766439575813
5,Upper Egypt,600,7.138302698166282,6.217483944213907,5.301029995663981,0.9090909090909092,0.9166666666666666,0.9333333333333332,0.8333333333333334,1,0.8748079590466706,1.3503010718469182,0.7977766439575813
5,Upper Egypt,700,7.447158031342219,6.954242509439325,5.477121254719663,0.6363636363636364,1.0,0.9333333333333332,0.8333333333333334,1,1.4460410807177602,1.0077004834724395,0.6040447762186012
5,Upper Egypt,800,7.447158031342219,6.919078092376074,5.845098040014257,0.5454545454545454,1.0,0.9333333333333332,0.8333333333333334,1,1.6706240921167155,0.8397410144476415,0.5071788423491111
5,Upper Egypt,900,6.937637785547619,5.984747503146441,5.3767779228316686,0.5636363636363636,0.9722222222222222,0.9333333333333332,0.8333333333333334,2,0.7327880471638649,0.8195736353526293,0.49426338449984575
5,Upper Egypt,1000,7.130333768495007,6.146128035678238,5.079181246047625,0.9090909090909092,0.9166666666666666,0.9333333333333332,0.8333333333333334,1,0.6961466097512726,1.3503010718469182,0.7977766439575813
5,Upper Egypt,1100,6.602059991327963,5.800029359244134,5.079181246047625,0.9090909090909092,0.9166666666666666,0.9333333333333332,0.8333333333333334,1,0.30652480652787684,1.3503010718469182,0.7977766439575813
5,Upper Egypt,1200,6.966141732739032,6.202760687393199,5.301029995663981,0.8181818181818182,0.9090909090909092,0.9333333333333332,0.8333333333333334,1,0.7898127237127786,1.1676799829403097,0.6921047160999556
5,Upper Egypt,1300,6.740362689494244,6.32221929473392,5.544068044350276,0.8181818181818182,0.9166666666666666,0.9333333333333332,0.8333333333333334,1,0.8960210770630304,1.18234160282212,0.7009107100880912
5,Upper Egypt,1400,6.544068044350276,6.32221929473392,5.397940008672037,0.8181818181818182,1.0,0.9333333333333332,0.8333333333333334,1,0.711134924533511,1.3436194215220358,0.7977766439575813
5,Upper Egypt,1500,6.505149978319906,6.32221929473392,5.439332693830263,0.8181818181818182,0.9166666666666666,0.9333333333333332,0.8333333333333334,1,0.7203019249812526,1.18234160282212,0.7009107100880912
5,Upper Egypt,1600,7.447158031342219,6.684486292188734,5.829303772831025,1.0,0.9166666666666666,0.9333333333333332,0.8333333333333334,1,1.5599168109288557,1.518260540871716,0.8946425778270714
5,Upper Egypt,1700,7.380211241711606,6.691965102767361,5.845098040014257,1.0,0.9166666666666666,0.9333333333333332,0.8333333333333334,1,1.542803339630552,1.518260540871716,0.8946425778270714
5,Upper Egypt,1800,7.380211241711606,6.673020907128897,5.755874855672491,1.0,0.9166666666666666,0.9333333333333332,0.8333333333333334,1,1.47658949734289,1.518260540871716,0.8946425778270714
6,Niger Inland Delta,400,4.255272505103306,3.041392685158225,3.8750612633917,0.0,0.625,0.0666666666666666,0.1666666666666667,1,-2.731205259879981,-3.8755267710193246,-2.1566343390618674
6,Niger Inland Delta,500,4.255272505103306,3.041392685158225,3.8750612633917,0.0,0.625,0.0666666666666666,0.1666666666666667,1,-2.731205259879981,-3.8755267710193246,-2.1566343390618674
6,Niger Inland Delta,600,4.255272505103306,3.041392685158225,3.8750612633917,0.0,0.625,0.0666666666666666,0.1666666666666667,1,-2.731205259879981,-3.8755267710193246,-2.1566343390618674
6,Niger Inland Delta,700,4.255272505103306,3.041392685158225,3.8750612633917,0.0,0.625,0.0666666666666666,0.1666666666666667,1,-2.731205259879981,-3.8755267710193246,-2.1566343390618674
6,Niger Inland Delta,800,4.255272505103306,3.041392685158225,3.8750612633917,0.0,0.625,0.0666666666666666,0.1666666666666667,1,-2.731205259879981,-3.8755267710193246,-2.1566343390618674
6,Niger Inland Delta,1000,6.051152522447381,5.574031267727719,4.243038048686294,0.5454545454545454,0.6666666666666666,0.0666666666666666,0.6666666666666666,1,-0.5865488512684798,-1.7370903518365965,-1.236407967301711
6,Niger Inland Delta,1100,6.096910013008056,5.574031267727719,4.243038048686294,0.6363636363636364,0.7,0.6666666666666666,0.8333333333333334,1,-0.5656336665411146,-0.05957859500312803,-0.13213632118952368
6,Niger Inland Delta,1200,6.096910013008056,5.574031267727719,4.243038048686294,0.6363636363636364,0.7,0.6666666666666666,0.8333333333333334,1,-0.5656336665411146,-0.05957859500312803,-0.13213632118952368
6,Niger Inland Delta,1300,6.653212513775344,6.255272505103306,4.161368002234975,0.6,1.0,0.7333333333333333,0.8333333333333334,1,-0.07292149733192888,0.5755074974956172,0.27470060106233485
6,Niger Inland Delta,1400,6.653212513775344,6.255272505103306,4.161368002234975,0.6,1.0,0.7333333333333333,0.8333333333333334,1,-0.07292149733192888,0.5755074974956172,0.27470060106233485
7,Ghanaian Coast,1800,6.477121254719663,5.413299764081252,4.352182518111363,0.4,0.4166666666666667,0.6,0.5,1,-0.38957043815377546,-1.8663146612922723,-1.003929726014935
8,Southern Mesopotamia,-500,7.361727836017593,6.711807229041191,5.301029995663981,1.0,1.0,0.9333333333333332,0.8333333333333334,1,1.1885376790337456,1.6795383595716318,0.9915085116965618
8,Southern Mesopotamia,-400,7.414973347970818,6.608793373986931,5.301029995663981,1.0,1.0,0.9333333333333332,0.8333333333333334,1,1.1687784309464353,1.6795383595716318,0.9915085116965618
8,Southern Mesopotamia,-300,7.477121254719663,6.556302500767288,4.8750612633917,0.7777777777777778,1.0,0.6666666666666666,0.8333333333333334,1,0.8973140535996934,0.7822918374662549,0.36726138231540306
8,Southern Mesopotamia,-200,7.477121254719663,6.142232991794714,4.8750612633917,0.7777777777777778,1.0,0.6666666666666666,0.8333333333333334,1,0.7200634228801115,0.7822918374662549,0.36726138231540306
8,Southern Mesopotamia,-100,6.983304753090984,6.248097661040892,5.276434590943675,0.6296296296296297,0.9444444444444444,0.7555555555555555,0.8333333333333334,2,0.8010479629754734,0.5632878747519303,0.2739830756262646
8,Southern Mesopotamia,0,6.736396502276643,6.301029995663981,5.477121254719663,0.5555555555555556,0.9166666666666666,0.8000000000000002,0.8333333333333334,1,0.8415402330231538,0.4537858933947683,0.2273439222816954
8,Southern Mesopotamia,100,6.676693609624866,6.278753600952829,5.602059991327963,0.5555555555555556,0.9166666666666666,0.8,0.8333333333333334,1,0.8860782068145556,0.45378589339476816,0.2273439222816954
8,Southern Mesopotamia,200,6.698970004336019,6.255272505103306,4.477121254719663,0.5555555555555556,0.9166666666666666,0.8,0.8333333333333334,1,0.15362023016778514,0.45378589339476816,0.2273439222816954
8,Southern Mesopotamia,300,6.698970004336019,6.423245873936808,5.0,0.5454545454545454,1.0,0.5333333333333333,0.8333333333333334,1,0.5660364756808784,0.10972261771383508,-0.07401676086782946
8,Southern Mesopotamia,400,6.698970004336019,6.498310553789601,5.397940008672037,0.5454545454545454,1.0,0.5333333333333333,0.8333333333333334,1,0.8573180414824157,0.10972261771383508,-0.07401676086782946
8,Southern Mesopotamia,500,6.949390006644913,6.540954808926132,5.602059991327963,0.4545454545454545,1.0,0.8,0.8333333333333334,1,1.1229647726880982,0.42844207984490806,0.21658104074064063
8,Southern Mesopotamia,600,7.103803720955956,6.444044795918077,5.698970004336019,0.7272727272727272,1.0,0.8000000000000002,0.8333333333333334,1,1.2151713959901826,0.9323204869193026,0.5071788423491111
8,Southern Mesopotamia,700,7.447158031342219,6.954242509439325,5.477121254719663,0.6363636363636364,1.0,0.9333333333333332,0.8333333333333334,1,1.4460410807177602,1.0077004834724395,0.6040447762186012
8,Southern Mesopotamia,800,7.447158031342219,6.919078092376074,5.845098040014257,0.5454545454545454,1.0,0.9333333333333332,0.8333333333333334,1,1.6706240921167155,0.8397410144476415,0.5071788423491111
8,Southern Mesopotamia,900,7.0,6.0,5.477121254719663,0.5454545454545454,1.0,0.9333333333333332,0.8333333333333334,1,0.8331683068518606,0.8397410144476415,0.5071788423491111
8,Southern Mesopotamia,1000,6.698970004336019,5.954242509439325,5.096910013008056,0.6666666666666666,1.0,0.6666666666666666,0.8333333333333334,1,0.42838058662608147,0.5770080419915014,0.2488696853638035
8,Southern Mesopotamia,1100,7.08278537031645,6.628388930050312,5.8750612633917,0.8181818181818182,1.0,0.8,0.8333333333333334,1,1.39915141747311,1.1002799559441006,0.6040447762186012
8,Southern Mesopotamia,1300,6.720159303405957,6.57978359661681,5.176091259055681,0.7,0.9,0.8,1.0,1,0.7574060098417489,1.038412828999958,0.4587458754143662
8,Southern Mesopotamia,1400,7.690196080028514,6.740362689494244,5.176091259055681,0.7777777777777778,1.0,0.8,0.8333333333333334,1,1.2695369114610024,1.0256313030441904,0.5609932500543836
8,Southern Mesopotamia,1500,7.690196080028514,6.740362689494244,5.176091259055681,0.7777777777777778,1.0,0.8,0.8333333333333334,1,1.2695369114610024,1.0256313030441904,0.5609932500543836
8,Southern Mesopotamia,1600,7.447158031342219,6.684486292188734,5.829303772831025,1.0,0.9166666666666666,0.9333333333333332,0.8333333333333334,1,1.5599168109288557,1.518260540871716,0.8946425778270714
8,Southern Mesopotamia,1700,7.380211241711606,6.691965102767361,5.845098040014257,1.0,0.9166666666666666,0.9333333333333332,0.8333333333333334,1,1.542803339630552,1.518260540871716,0.8946425778270714
8,Southern Mesopotamia,1800,7.380211241711606,6.673020907128897,5.755874855672491,1.0,0.9166666666666666,0.9333333333333332,0.8333333333333334,1,1.47658949734289,1.518260540871716,0.8946425778270714
9,Susiana,-500,7.361727836017593,6.711807229041191,5.301029995663981,1.0,1.0,0.9333333333333332,0.8333333333333334,1,1.1885376790337456,1.6795383595716318,0.9915085116965618
9,Susiana,-400,7.414973347970818,6.608793373986931,5.301029995663981,1.0,1.0,0.9333333333333332,0.8333333333333334,1,1.1687784309464353,1.6795383595716318,0.9915085116965618
9,Susiana,-300,7.477121254719663,6.556302500767288,4.8750612633917,0.7777777777777778,1.0,0.6666666666666666,0.8333333333333334,1,0.8973140535996934,0.7822918374662549,0.36726138231540306
9,Susiana,-200,7.477121254719663,6.142232991794714,4.8750612633917,0.7777777777777778,1.0,0.6666666666666666,0.8333333333333334,1,0.7200634228801115,0.7822918374662549,0.36726138231540306
9,Susiana,-100,6.983304753090984,6.248097661040892,5.276434590943675,0.6296296296296297,0.9444444444444444,0.7555555555555555,0.8333333333333334,2,0.8010479629754734,0.5632878747519303,0.2739830756262646
9,Susiana,0,6.736396502276643,6.301029995663981,5.477121254719663,0.5555555555555556,0.9166666666666666,0.8,0.8333333333333334,1,0.8415402330231538,0.45378589339476816,0.2273439222816954
9,Susiana,300,6.698970004336019,6.423245873936808,5.0,0.5454545454545454,1.0,0.5333333333333333,0.8333333333333334,1,0.5660364756808784,0.10972261771383508,-0.07401676086782946
9,Susiana,400,6.698970004336019,6.498310553789601,5.397940008672037,0.5454545454545454,1.0,0.5333333333333333,0.8333333333333334,1,0.8573180414824157,0.10972261771383508,-0.07401676086782946
9,Susiana,500,6.949390006644913,6.540954808926132,5.602059991327963,0.4545454545454545,1.0,0.8,0.8333333333333334,1,1.1229647726880982,0.42844207984490806,0.21658104074064063
9,Susiana,600,7.103803720955957,6.444044795918076,5.698970004336019,0.7272727272727273,1.0,0.8,0.8333333333333334,1,1.2151713959901826,0.9323204869193026,0.5071788423491111
9,Susiana,700,7.447158031342219,6.954242509439325,5.477121254719663,0.6363636363636364,1.0,0.9333333333333332,0.8333333333333334,1,1.4460410807177602,1.0077004834724395,0.6040447762186012
9,Susiana,800,7.447158031342219,6.919078092376074,5.845098040014257,0.5454545454545454,1.0,0.9333333333333332,0.8333333333333334,1,1.6706240921167155,0.8397410144476415,0.5071788423491111
9,Susiana,900,7.0,6.0,5.477121254719663,0.5454545454545454,1.0,0.9333333333333332,0.8333333333333334,1,0.8331683068518606,0.8397410144476415,0.5071788423491111
9,Susiana,1000,6.698970004336019,5.954242509439325,5.096910013008056,0.6666666666666666,1.0,0.6666666666666666,0.8333333333333334,1,0.42838058662608147,0.5770080419915014,0.2488696853638035
9,Susiana,1100,7.08278537031645,6.628388930050312,5.8750612633917,0.8181818181818182,1.0,0.8,0.8333333333333334,1,1.39915141747311,1.1002799559441006,0.6040447762186012
9,Susiana,1300,6.720159303405957,6.57978359661681,5.176091259055681,0.7,0.9,0.8,1.0,1,0.7574060098417489,1.038412828999958,0.4587458754143662
9,Susiana,1400,7.690196080028514,6.740362689494244,5.176091259055681,0.7777777777777778,1.0,0.8,0.8333333333333334,1,1.2695369114610024,1.0256313030441904,0.5609932500543836
9,Susiana,1500,7.690196080028514,6.740362689494244,5.176091259055681,0.7777777777777778,1.0,0.8,0.8333333333333334,1,1.2695369114610024,1.0256313030441904,0.5609932500543836
9,Susiana,1600,6.954242509439325,6.431363764158988,5.301029995663981,0.8181818181818182,0.8333333333333334,0.8666666666666667,0.8333333333333334,1,0.8822317971260737,0.8993940513332371,0.5071788423491111
9,Susiana,1700,6.954242509439325,6.431363764158988,5.301029995663981,0.8181818181818182,0.8333333333333334,0.8666666666666667,0.8333333333333334,1,0.8822317971260737,0.8993940513332371,0.5071788423491111
10,Galilee,-2000,4.352182518111363,3.230448921378274,4.477121254719663,0.5714285714285714,0.7,0.3333333333333333,0.5,1,-2.2139028648232046,-1.4879254387073821,-0.8793878110398765
10,Galilee,-1900,4.352182518111363,3.230448921378274,4.477121254719663,0.5714285714285714,0.7,0.3333333333333333,0.5,1,-2.2139028648232046,-1.4879254387073821,-0.8793878110398765
10,Galilee,-1800,4.352182518111363,3.230448921378274,4.477121254719663,0.5714285714285714,0.7,0.3333333333333333,0.5,1,-2.2139028648232046,-1.4879254387073821,-0.8793878110398765
10,Galilee,-1700,4.352182518111363,3.230448921378274,4.477121254719663,0.5714285714285714,0.7,0.3333333333333333,0.5,1,-2.2139028648232046,-1.4879254387073821,-0.8793878110398765
10,Galilee,-1600,4.352182518111363,3.230448921378274,4.477121254719663,0.5714285714285714,0.7,0.3333333333333333,0.5,1,-2.2139028648232046,-1.4879254387073821,-0.8793878110398765
10,Galilee,-1500,4.511883360978874,3.230448921378274,4.676693609624866,0.5714285714285714,0.7,0.4,0.5,1,-2.010938989149651,-1.3662557059184144,-0.782521877170386
10,Galilee,-1400,4.511883360978874,3.230448921378274,4.676693609624866,0.5714285714285714,0.7,0.4,0.5,1,-2.010938989149651,-1.3662557059184144,-0.782521877170386
10,Galilee,-1300,4.511883360978874,3.230448921378274,4.676693609624866,0.5714285714285714,0.7,0.4,0.5,1,-2.010938989149651,-1.3662557059184144,-0.782521877170386
10,Galilee,-1200,4.511883360978874,3.230448921378274,4.676693609624866,0.5714285714285714,0.7,0.4,0.5,1,-2.010938989149651,-1.3662557059184144,-0.782521877170386
10,Galilee,-1000,4.653212513775344,4.060697840353612,4.243038048686294,0.6666666666666666,0.6666666666666666,0.5333333333333333,0.5,1,-1.8733422522892285,-1.0114698288420854,-0.5260577855921168
10,Galilee,-900,5.243038048686294,4.060697840353612,4.243038048686294,0.6666666666666666,0.6666666666666666,0.5333333333333333,0.5,1,-1.6037402730630845,-1.0114698288420854,-0.5260577855921168
10,Galilee,-800,5.544068044350276,4.060697840353612,4.243038048686294,0.6666666666666666,0.6666666666666666,0.5333333333333333,0.5,1,-1.4661431738637427,-1.0114698288420854,-0.5260577855921168
10,Galilee,-500,7.361727836017593,6.711807229041191,5.301029995663981,1.0,1.0,0.9333333333333332,0.8333333333333334,1,1.1885376790337456,1.6795383595716318,0.9915085116965618
10,Galilee,-400,7.414973347970818,6.608793373986931,5.301029995663981,1.0,1.0,0.9333333333333332,0.8333333333333334,1,1.1687784309464353,1.6795383595716318,0.9915085116965618
10,Galilee,-300,6.845098040014257,6.0,5.0,0.9090909090909092,0.9166666666666666,1.0,0.8333333333333334,1,0.4516510440077057,1.4719708046358861,0.8946425778270714
10,Galilee,-200,7.477121254719663,6.142232991794714,4.8750612633917,0.7777777777777778,1.0,0.6666666666666666,0.8333333333333334,1,0.7200634228801115,0.7822918374662549,0.36726138231540306
10,Galilee,-100,7.477121254719663,6.142232991794714,4.8750612633917,0.7777777777777778,1.0,0.6666666666666666,0.8333333333333334,1,0.7200634228801115,0.7822918374662549,0.36726138231540306
11,Konya Plain,-1600,6.079181246047625,4.795880017344075,4.096910013008056,0.875,0.875,0.6,0.5,1,-1.0020025682733606,-0.10169843278816566,0.0349574147353467
11,Konya Plain,-1500,6.079181246047625,5.243038048686294,4.096910013008056,0.875,0.875,0.6,0.5,1,-0.8105877420926074,-0.10169843278816566,0.0349574147353467
11,Konya Plain,-1300,6.217483944213907,5.477121254719663,4.243038048686294,0.8181818181818182,0.8,0.6,0.5,1,-0.5520050542421886,-0.35182313775858837,-0.11276313441562577
11,Konya Plain,-1200,6.217483944213907,5.544068044350276,4.243038048686294,0.8181818181818182,0.8,0.6,0.5,1,-0.5233471588175261,-0.35182313775858837,-0.11276313441562577
11,Konya Plain,-500,7.361727836017593,6.71180722904119,5.301029995663981,1.0,1.0,0.9333333333333332,0.8333333333333334,1,1.1885376790337454,1.6795383595716318,0.9915085116965618
11,Konya Plain,-400,7.414973347970818,6.608793373986931,5.301029995663981,1.0,1.0,0.9333333333333332,0.8333333333333334,1,1.1687784309464353,1.6795383595716318,0.9915085116965618
11,Konya Plain,-300,7.477121254719663,6.556302500767288,4.8750612633917,0.7777777777777778,1.0,0.6666666666666666,0.8333333333333334,1,0.8973140535996934,0.7822918374662549,0.36726138231540306
11,Konya Plain,-200,7.477121254719663,6.142232991794714,4.8750612633917,0.7777777777777778,1.0,0.6666666666666666,0.8333333333333334,1,0.7200634228801115,0.7822918374662549,0.36726138231540306
11,Konya Plain,0,7.698970004336019,6.653212513775344,6.0,0.6363636363636364,1.0,0.8666666666666667,0.8333333333333334,1,1.7727913216868472,0.8860307506834721,0.5071788423491111
11,Konya Plain,100,7.740362689494244,6.763427993562937,6.041392685158225,0.6363636363636364,1.0,0.8666666666666667,0.8333333333333334,1,1.8658472889936204,0.8860307506834721,0.5071788423491111
11,Konya Plain,200,7.795880017344075,6.698970004336019,6.0,0.6363636363636364,1.0,0.8666666666666667,0.8333333333333334,1,1.836675091187234,0.8860307506834721,0.5071788423491111
11,Konya Plain,300,7.740362689494244,6.628388930050312,5.903089986991944,0.8181818181818182,1.0,0.8666666666666667,0.8333333333333334,1,1.7179749190297031,1.2219496887330683,0.7009107100880912
11,Konya Plain,400,7.176091259055681,6.113943352306837,5.477121254719663,0.9090909090909092,0.9166666666666666,0.9333333333333332,0.8333333333333334,1,0.9624331522985943,1.3503010718469182,0.7977766439575813
11,Konya Plain,500,7.301029995663981,6.146128035678238,5.698970004336019,0.9090909090909092,0.9166666666666666,0.9333333333333332,0.8333333333333334,1,1.1777919415421183,1.3503010718469182,0.7977766439575813
11,Konya Plain,600,7.138302698166282,6.217483944213907,5.301029995663981,0.9090909090909092,0.9166666666666666,0.9333333333333332,0.8333333333333334,1,0.8748079590466706,1.3503010718469182,0.7977766439575813
11,Konya Plain,700,6.759667844689631,5.767155866082181,5.010723865391773,0.9090909090909092,0.9166666666666666,0.8666666666666667,0.8333333333333334,1,0.3199120788676437,1.2286313390579506,0.7009107100880912
11,Konya Plain,800,6.812913356642856,5.767155866082181,5.352182518111363,0.9090909090909092,0.9166666666666666,0.8666666666666667,0.8333333333333334,1,0.5666164985420193,1.2286313390579506,0.7009107100880912
11,Konya Plain,900,6.903089986991944,5.785329835010767,5.0,0.9090909090909092,0.9166666666666666,0.8666666666666667,0.8333333333333334,1,0.3862646442913232,1.2286313390579506,0.7009107100880912
11,Konya Plain,1000,7.079181246047625,5.90848501887865,5.301029995663981,0.9090909090909092,0.9166666666666666,0.8666666666666667,0.8333333333333334,1,0.7155111799054799,1.2286313390579506,0.7009107100880912
11,Konya Plain,1100,6.243038048686294,5.439332693830263,4.544068044350276,0.8181818181818182,1.0,0.8666666666666667,0.8333333333333334,1,-0.3604623442055683,1.2219496887330683,0.7009107100880912
11,Konya Plain,1200,6.243038048686294,5.439332693830263,4.544068044350276,0.8181818181818182,1.0,0.8666666666666667,0.8333333333333334,1,-0.3604623442055683,1.2219496887330683,0.7009107100880912
11,Konya Plain,1300,6.720159303405957,6.57978359661681,5.176091259055681,0.7,0.9,0.8,1.0,1,0.7574060098417489,1.038412828999958,0.4587458754143662
11,Konya Plain,1400,6.698970004336019,5.838849090737256,4.397940008672037,0.7272727272727273,0.9,0.8666666666666667,0.8333333333333334,1,-0.0762028760312863,0.8604568372683715,0.4878056555752128
11,Konya Plain,1500,6.954242509439325,6.363611979892144,5.484299839346786,1.0,0.9090909090909092,0.9333333333333332,0.8333333333333334,1,0.9725792877924485,1.5035989209899057,0.8858365838389357
11,Konya Plain,1600,7.447158031342219,6.684486292188734,5.829303772831025,1.0,0.9166666666666666,0.9333333333333332,0.8333333333333334,1,1.5599168109288557,1.518260540871716,0.8946425778270714
11,Konya Plain,1700,7.380211241711606,6.691965102767361,5.845098040014257,1.0,0.9166666666666666,0.9333333333333332,0.8333333333333334,1,1.542803339630552,1.518260540871716,0.8946425778270714
11,Konya Plain,1800,7.418609348856468,6.502312408922292,5.81758798501685,1.0,0.9444444444444444,0.9555555555555556,0.888888888888889,2,1.4612548129439713,1.7292475797773423,0.9915085116965618
12,Yemeni Coastal Plain,100,5.740362689494244,5.544068044350276,5.009663316679379,0.625,0.8571428571428571,0.6666666666666666,0.6666666666666666,1,-0.24218754323642855,-0.12646320716795226,-0.058449021495947225
12,Yemeni Coastal Plain,200,5.740362689494244,5.544068044350276,5.009663316679379,0.75,0.8571428571428571,0.6666666666666666,0.6666666666666666,1,-0.24218754323642855,0.10448106274114514,0.07474163757460169
12,Yemeni Coastal Plain,300,5.671211340411103,5.510594649534969,4.65534665617168,0.6477272727272727,0.9285714285714286,0.6,0.8333333333333334,2,-0.5188647341031887,0.2821086228414873,0.04879540528813065
12,Yemeni Coastal Plain,400,5.602059991327963,5.477121254719663,4.301029995663981,0.6363636363636364,0.8,0.5333333333333333,0.8333333333333334,1,-0.7955419249699484,-0.10938467814116438,-0.2096290682851158
12,Yemeni Coastal Plain,500,5.602059991327963,5.477121254719663,4.301029995663981,0.6363636363636364,0.8,0.5333333333333333,0.8333333333333334,1,-0.7955419249699484,-0.10938467814116438,-0.2096290682851158
12,Yemeni Coastal Plain,600,7.103803720955957,6.444044795918076,5.698970004336019,0.7272727272727273,1.0,0.8,0.8333333333333334,1,1.2151713959901826,0.9323204869193026,0.5071788423491111
12,Yemeni Coastal Plain,700,7.447158031342219,6.954242509439325,5.477121254719663,0.6363636363636364,1.0,0.9333333333333332,0.8333333333333334,1,1.4460410807177602,1.0077004834724395,0.6040447762186012
12,Yemeni Coastal Plain,800,7.447158031342219,6.919078092376074,5.845098040014257,0.5454545454545454,1.0,0.9333333333333332,0.8333333333333334,1,1.6706240921167155,0.8397410144476415,0.5071788423491111
12,Yemeni Coastal Plain,900,7.0,6.0,5.477121254719663,0.5454545454545454,1.0,0.9333333333333332,0.8333333333333334,1,0.8331683068518606,0.8397410144476415,0.5071788423491111
12,Yemeni Coastal Plain,1200,6.966141732739032,6.2027606873932,5.301029995663981,0.8181818181818182,0.9090909090909092,0.9333333333333332,0.8333333333333334,1,0.789812723712779,1.1676799829403097,0.6921047160999556
12,Yemeni Coastal Plain,1600,7.447158031342219,6.684486292188734,5.829303772831025,1.0,0.9166666666666666,0.9333333333333332,0.8333333333333334,1,1.5599168109288557,1.518260540871716,0.8946425778270714
13,Kachi Plain,-500,7.361727836017593,6.711807229041191,5.301029995663981,1.0,1.0,0.9333333333333332,0.8333333333333334,1,1.1885376790337456,1.6795383595716318,0.9915085116965618
13,Kachi Plain,-400,7.414973347970818,6.608793373986931,5.301029995663981,1.0,1.0,0.9333333333333332,0.8333333333333334,1,1.1687784309464353,1.6795383595716318,0.9915085116965618
13,Kachi Plain,-300,7.992332559047465,6.602059991327963,5.431363764158988,0.7272727272727273,1.0,0.7333333333333333,0.8333333333333334,1,1.5146765122681343,0.8106507541303346,0.41031290847962115
13,Kachi Plain,-200,7.992332559047465,6.602059991327963,5.431363764158988,0.7272727272727273,1.0,0.7333333333333333,0.8333333333333334,1,1.5146765122681343,0.8106507541303346,0.41031290847962115
13,Kachi Plain,-100,6.736396502276643,6.301029995663981,5.477121254719663,0.5555555555555556,0.9166666666666666,0.8,0.8333333333333334,1,0.8415402330231538,0.45378589339476816,0.2273439222816954
13,Kachi Plain,0,6.736396502276643,6.301029995663981,5.477121254719663,0.5555555555555556,0.9166666666666666,0.8,0.8333333333333334,1,0.8415402330231538,0.45378589339476816,0.2273439222816954
13,Kachi Plain,100,7.113943352306837,6.352182518111363,5.176091259055681,0.7777777777777778,0.8,0.7333333333333333,0.8333333333333334,1,0.8399707065637894,0.5168948053754248,0.2316490748981172
13,Kachi Plain,200,7.161368002234975,6.352182518111363,5.0,0.7777777777777778,0.8,0.7333333333333333,0.8333333333333334,1,0.7469728260887867,0.5168948053754248,0.2316490748981172
13,Kachi Plain,300,6.9301690032854975,6.387714196024085,5.0,0.6616161616161615,0.9,0.6333333333333333,0.8333333333333334,2,0.6565046508848326,0.3133087115446298,0.07881615701514363
13,Kachi Plain,400,6.698970004336019,6.498310553789601,5.397940008672037,0.5454545454545454,1.0,0.5333333333333333,0.8333333333333334,1,0.8573180414824157,0.10972261771383508,-0.07401676086782946
13,Kachi Plain,500,6.949390006644913,6.540954808926132,5.602059991327963,0.4545454545454545,1.0,0.8,0.8333333333333334,1,1.1229647726880982,0.42844207984490806,0.21658104074064063
13,Kachi Plain,600,7.103803720955957,6.444044795918076,5.698970004336019,0.7272727272727273,1.0,0.8,0.8333333333333334,1,1.2151713959901826,0.9323204869193026,0.5071788423491111
13,Kachi Plain,700,7.447158031342219,6.954242509439325,5.477121254719663,0.6363636363636364,1.0,0.9333333333333332,0.8333333333333334,1,1.4460410807177602,1.0077004834724395,0.6040447762186012
13,Kachi Plain,800,7.447158031342219,6.919078092376074,5.845098040014257,0.5454545454545454,1.0,0.9333333333333332,0.8333333333333334,1,1.6706240921167155,0.8397410144476415,0.5071788423491111
13,Kachi Plain,900,7.0,6.0,5.477121254719663,0.5454545454545454,1.0,0.9333333333333332,0.8333333333333334,1,0.8331683068518606,0.8397410144476415,0.5071788423491111
13,Kachi Plain,1600,8.113943352306837,6.585460729508501,5.602059991327963,1.0,0.9090909090909092,0.7333333333333333,0.8333333333333334,1,1.6743193858345709,1.1385897226230026,0.5952387822304656
13,Kachi Plain,1700,8.113943352306837,6.585460729508501,5.602059991327963,1.0,0.9090909090909092,0.7333333333333333,0.8333333333333334,1,1.6743193858345709,1.1385897226230026,0.5952387822304656
14,Middle Ganga,-300,7.992332559047465,6.602059991327963,5.431363764158988,0.7272727272727272,1.0,0.7333333333333333,0.8333333333333334,1,1.5146765122681343,0.8106507541303345,0.41031290847962115
14,Middle Ganga,-200,7.992332559047465,6.602059991327963,5.431363764158988,0.7272727272727272,1.0,0.7333333333333333,0.8333333333333334,1,1.5146765122681343,0.8106507541303345,0.41031290847962115
14,Middle Ganga,100,7.113943352306837,6.352182518111363,5.176091259055681,0.7777777777777778,0.8,0.7333333333333333,0.8333333333333334,1,0.8399707065637894,0.5168948053754248,0.2316490748981172
14,Middle Ganga,200,7.161368002234975,6.352182518111363,5.0,0.7777777777777778,0.8000000000000002,0.7333333333333333,0.8333333333333334,1,0.7469728260887867,0.516894805375425,0.2316490748981172
14,Middle Ganga,300,7.161368002234975,6.352182518111363,5.0,0.7777777777777778,0.8,0.7333333333333333,0.8333333333333334,1,0.7469728260887867,0.5168948053754248,0.2316490748981172
14,Middle Ganga,1600,8.113943352306837,6.585460729508501,5.602059991327963,1.0,0.9090909090909092,0.7333333333333333,0.8333333333333334,1,1.6743193858345709,1.1385897226230026,0.5952387822304656
14,Middle Ganga,1700,8.113943352306837,6.585460729508501,5.602059991327963,1.0,0.9090909090909092,0.7333333333333333,0.8333333333333334,1,1.6743193858345709,1.1385897226230026,0.5952387822304656
14,Middle Ganga,1800,8.113943352306837,6.585460729508501,5.602059991327963,1.0,1.0,0.7333333333333333,0.8333333333333334,1,1.6743193858345709,1.3145291612047287,0.7009107100880912
15,Deccan,-300,7.992332559047465,6.602059991327963,5.431363764158988,0.7272727272727273,1.0,0.7333333333333333,0.8333333333333334,1,1.5146765122681343,0.8106507541303346,0.41031290847962115
15,Deccan,-200,7.992332559047465,6.602059991327963,5.431363764158988,0.7272727272727273,1.0,0.7333333333333333,0.8333333333333334,1,1.5146765122681343,0.8106507541303346,0.41031290847962115
15,Deccan,1400,7.397940008672037,5.556302500767288,5.0,0.7272727272727273,1.0,0.5333333333333333,0.8333333333333334,1,0.5144148140518064,0.44564155576343145,0.1197151068711506
15,Deccan,1500,7.397940008672037,5.556302500767288,5.301029995663981,0.7272727272727273,1.0,0.5333333333333333,0.8333333333333334,1,0.7104531977962826,0.44564155576343145,0.1197151068711506
15,Deccan,1600,7.397940008672037,5.556302500767288,5.301029995663981,0.7272727272727273,1.0,0.5333333333333333,0.8333333333333334,1,0.7104531977962826,0.44564155576343145,0.1197151068711506
15,Deccan,1700,7.425965339320134,6.527641372743332,5.680863918008797,1.0,0.9545454545454546,0.8166666666666667,0.8333333333333334,2,1.3864215214364064,1.3786466079000754,0.7691571634961409
15,Deccan,1800,6.737987326333431,7.041392685158225,5.954242509439325,1.0,1.0,0.9,0.8333333333333334,1,1.4699077365836752,1.6187034931771482,0.9430755447618169
17,Cambodian Basin,600,5.217483944213907,5.421932813278509,3.301029995663981,0.5555555555555556,0.8888888888888888,0.7333333333333333,0.6666666666666666,1,-1.6461768110365187,-0.0716566775221659,0.0013234099195515102
17,Cambodian Basin,1100,6.176091259055681,5.972778891807619,5.942008053022313,0.8181818181818182,0.9166666666666666,0.9333333333333332,0.5,1,0.7476633455223306,0.48231447236613223,0.5071788423491111
17,Cambodian Basin,1200,6.176091259055681,5.972778891807619,5.942008053022313,0.8181818181818182,0.9166666666666666,0.9333333333333332,0.5,1,0.7476633455223306,0.48231447236613223,0.5071788423491111
17,Cambodian Basin,1300,6.176091259055681,6.0,5.942008053022313,0.8,0.8333333333333334,0.9333333333333332,0.6666666666666666,1,0.7593158784701385,0.6374583250892508,0.4878056555752128
17,Cambodian Basin,1400,6.176091259055681,6.0,5.942008053022313,0.8,0.8333333333333334,0.9333333333333332,0.6666666666666666,1,0.7593158784701385,0.6374583250892508,0.4878056555752128
17,Cambodian Basin,1800,6.301029995663981,5.710218942584365,4.8750612633917,0.5454545454545454,0.8888888888888888,0.8666666666666667,0.8333333333333334,1,-0.002445535517518658,0.5030341900587862,0.2811583299869673
20,Middle Yellow River Valley,-1000,7.021189299069938,5.929418925714293,5.0,0.875,0.8888888888888888,0.7333333333333333,0.3333333333333333,1,0.5019265645030482,-0.18149289598823837,0.1479676709164184
20,Middle Yellow River Valley,-900,7.130333768495007,5.929418925714293,5.096910013008056,0.875,0.8888888888888888,0.7333333333333333,0.3333333333333333,1,0.6149254190865164,-0.18149289598823837,0.1479676709164184
20,Middle Yellow River Valley,-800,7.130333768495007,5.929418925714293,5.096910013008056,0.875,0.8888888888888888,0.7333333333333333,0.3333333333333333,1,0.6149254190865164,-0.18149289598823837,0.1479676709164184
20,Middle Yellow River Valley,100,7.637052883817333,6.812913356642856,5.623249290397901,0.9090909090909092,1.0,0.8666666666666667,0.8333333333333334,1,1.5675032319850726,1.3899091577578664,0.7977766439575813
20,Middle Yellow River Valley,200,7.751947403027186,6.397940008672037,5.0,0.8181818181818182,1.0,0.8666666666666667,0.8333333333333334,1,1.036506785606906,1.2219496887330683,0.7009107100880912
20,Middle Yellow River Valley,300,7.20854516083791,6.653212513775344,5.778151250383644,0.8181818181818182,1.0,0.9333333333333332,0.8333333333333334,1,1.4041506289001238,1.3436194215220358,0.7977766439575813
20,Middle Yellow River Valley,400,7.505149978319906,5.698970004336019,5.778151250383644,0.6,0.9,0.9333333333333332,0.8333333333333334,1,1.1312426823422814,0.7469833134226216,0.449059282027417
20,Middle Yellow River Valley,500,7.505149978319906,6.248708735600918,5.778151250383644,0.6,0.9,0.9333333333333332,0.8333333333333334,1,1.366569202977589,0.7469833134226216,0.449059282027417
20,Middle Yellow River Valley,600,7.662757831681574,6.484299839346786,5.698970004336019,0.7272727272727273,0.9090909090909092,0.9333333333333332,0.8333333333333334,1,1.4878943942092342,0.9997205139155118,0.5952387822304656
20,Middle Yellow River Valley,700,7.568201724066995,6.704750904290671,6.0,0.9090909090909092,1.0,0.9333333333333332,0.8333333333333334,1,1.7350807790853184,1.511578890546834,0.8946425778270714
20,Middle Yellow River Valley,800,7.676693609624866,6.510946948672973,6.0,1.0,1.0,0.9333333333333332,0.8333333333333334,1,1.7017094716152528,1.6795383595716318,0.9915085116965618
20,Middle Yellow River Valley,900,7.845098040014257,6.176091259055681,6.0,1.0,1.0,0.9333333333333332,0.8333333333333334,1,1.6353434692918165,1.6795383595716318,0.9915085116965618
20,Middle Yellow River Valley,1000,7.903089986991944,6.472244352673473,5.698970004336019,1.0,1.0,0.9333333333333332,1.0,1,1.5925866698585487,2.029551924799626,1.0883744455660518
20,Middle Yellow River Valley,1100,7.903089986991944,6.361727836017593,6.0,1.0,1.0,0.9333333333333332,1.0,1,1.7413162760724308,2.029551924799626,1.0883744455660518
20,Middle Yellow River Valley,1300,7.861806133250878,7.243038048686294,5.903089986991944,1.0,0.9090909090909092,0.9333333333333332,1.0,1,2.0365979135814056,1.8536124862178995,0.9827025177084262
20,Middle Yellow River Valley,1400,7.803266216296478,6.5910646070265,5.176091259055681,0.7272727272727273,0.9166666666666666,0.9333333333333332,1.0,1,1.2573098838813122,1.3643956990253159,0.7009107100880912
20,Middle Yellow River Valley,1500,7.706792007073972,6.658011396657113,5.827369273053825,0.7272727272727273,0.9166666666666666,0.9333333333333332,1.0,1,1.6659994025454032,1.3643956990253159,0.7009107100880912
20,Middle Yellow River Valley,1600,8.0,6.562887381293879,5.848804701051804,0.8181818181818182,0.9166666666666666,0.9333333333333332,1.0,1,1.7732607428597065,1.532355168050114,0.7977766439575813
20,Middle Yellow River Valley,1700,8.079181246047625,7.117271295655764,5.872389388417821,0.8888888888888888,1.0,0.9333333333333332,1.0,1,2.062127444898158,1.8242681293248724,0.9699827486144528
20,Middle Yellow River Valley,1800,8.469822015978163,7.05307844348342,5.949825059090825,0.9090909090909092,1.0,0.8666666666666667,1.0,1,2.2636335827117504,1.7399227229858603,0.8946425778270714
21,Kansai,800,6.602059991327963,5.439332693830263,5.301029995663981,0.9,0.8181818181818182,0.8666666666666667,0.8333333333333334,1,0.2965950195024439,1.021234333691934,0.5767461948553811
21,Kansai,900,6.698970004336019,5.439332693830263,5.301029995663981,0.9,0.8181818181818182,0.8666666666666667,0.8333333333333334,1,0.34089139150971487,1.021234333691934,0.5767461948553811
21,Kansai,1000,6.676693609624866,5.439332693830263,5.243038048686294,0.9,0.8181818181818182,0.8666666666666667,0.8333333333333334,1,0.29294329644783046,1.021234333691934,0.5767461948553811
21,Kansai,1100,6.770852011642145,5.439332693830263,5.243038048686294,0.9,0.8181818181818182,0.8666666666666667,0.8333333333333334,1,0.33598194099966694,1.021234333691934,0.5767461948553811
21,Kansai,1200,6.770852011642145,5.469822015978163,5.138302698166282,0.7272727272727273,1.0,0.7333333333333333,0.6666666666666666,1,0.28082717540510344,0.4606371889023404,0.31344697461013066
21,Kansai,1300,6.77451696572855,5.469822015978163,5.176091259055681,0.7272727272727273,1.0,0.7333333333333333,0.6666666666666666,1,0.3071112519614069,0.4606371889023404,0.31344697461013066
21,Kansai,1400,7.096910013008056,5.469822015978163,5.176091259055681,0.6666666666666666,1.0,0.8,0.6666666666666666,1,0.45447313863934674,0.4703339423414429,0.34573561923329355
21,Kansai,1600,7.342422680822207,5.469822015978163,5.477121254719663,0.6666666666666666,1.0,0.8,0.8333333333333334,1,0.7627323355735722,0.8203475075694371,0.44260155310278404
21,Kansai,1700,7.462397997898957,5.469822015978163,5.756149821780951,0.9090909090909092,1.0,0.9333333333333332,1.0,1,0.9992820679464198,1.8615924557748278,0.9915085116965618
21,Kansai,1800,7.447158031342219,5.469822015978163,6.146128035678238,0.9090909090909092,1.0,0.9333333333333332,1.0,1,1.2462797911928287,1.8615924557748278,0.9915085116965618
23,Sogdiana,-500,7.361727836017593,6.711807229041191,5.301029995663981,1.0,1.0,0.9333333333333332,0.8333333333333334,1,1.1885376790337456,1.6795383595716318,0.9915085116965618
23,Sogdiana,-400,7.414973347970818,6.608793373986931,5.301029995663981,1.0,1.0,0.9333333333333332,0.8333333333333334,1,1.1687784309464353,1.6795383595716318,0.9915085116965618
23,Sogdiana,-300,7.477121254719663,6.556302500767288,4.8750612633917,0.7777777777777778,1.0,0.6666666666666666,0.8333333333333334,1,0.8973140535996934,0.7822918374662549,0.36726138231540306
23,Sogdiana,-200,6.8600796517029785,5.993665515904485,4.7245462655597095,0.7638888888888888,0.9444444444444444,0.7333333333333334,0.8333333333333334,2,0.27640488054125095,0.7707825500209345,0.38475106481961613
23,Sogdiana,100,7.113943352306837,6.352182518111363,5.176091259055681,0.7777777777777778,0.8,0.7333333333333333,0.8333333333333334,1,0.8399707065637894,0.5168948053754248,0.2316490748981172
23,Sogdiana,200,7.161368002234975,6.352182518111363,5.0,0.7777777777777778,0.8,0.7333333333333333,0.8333333333333334,1,0.7469728260887867,0.5168948053754248,0.2316490748981172
23,Sogdiana,300,6.698970004336019,6.423245873936808,5.0,0.5454545454545454,1.0,0.5333333333333333,0.8333333333333334,1,0.5660364756808784,0.10972261771383508,-0.07401676086782946
23,Sogdiana,400,6.698970004336019,6.498310553789601,5.397940008672037,0.5454545454545454,1.0,0.5333333333333333,0.8333333333333334,1,0.8573180414824157,0.10972261771383508,-0.07401676086782946
23,Sogdiana,700,4.511883360978874,4.176091259055681,4.439332693830263,0.8181818181818182,0.7777777777777778,0.8666666666666667,0.8333333333333334,1,-1.7607135719485796,0.7918755055332932,0.44260155310278454
23,Sogdiana,800,7.447158031342219,6.919078092376074,5.845098040014257,0.5454545454545454,1.0,0.9333333333333332,0.8333333333333334,1,1.6706240921167155,0.8397410144476415,0.5071788423491111
23,Sogdiana,900,6.955630250076728,5.955630250076728,5.4044856742370975,0.6181818181818182,0.9833333333333334,0.9066666666666666,0.8333333333333334,2,0.7465919575343298,0.89318513281191,0.5265520291230096
23,Sogdiana,1000,6.397940008672037,6.301029995663981,5.301029995663981,0.9090909090909092,0.75,0.8,0.8333333333333334,1,0.5721608399061416,0.7844059688691517,0.41031290847962115
23,Sogdiana,1100,6.397940008672037,6.301029995663981,5.301029995663981,0.9090909090909092,0.75,0.8,0.8333333333333334,1,0.5721608399061416,0.7844059688691517,0.41031290847962115
23,Sogdiana,1200,6.352182518111363,6.146128035678238,5.477121254719663,0.9090909090909092,0.75,0.8,0.8333333333333334,1,0.5996119152610975,0.7844059688691517,0.41031290847962115
23,Sogdiana,1400,7.690196080028514,6.740362689494244,5.176091259055681,0.7777777777777778,1.0,0.8,0.8333333333333334,1,1.2695369114610024,1.0256313030441904,0.5609932500543836
23,Sogdiana,1500,7.690196080028514,6.740362689494244,5.176091259055681,0.7777777777777778,1.0,0.8,0.8333333333333334,1,1.2695369114610024,1.0256313030441904,0.5609932500543836
24,Orkhon Valley,1100,5.0,4.903089986991944,2.698970004336019,0.3636363636363636,0.0,0.1333333333333333,0.1666666666666667,1,-2.359763726112971,-4.291602802380532,-2.3987991737355925
24,Orkhon Valley,1200,5.0,4.903089986991944,2.698970004336019,0.3636363636363636,0.0,0.1333333333333333,0.1666666666666667,1,-2.359763726112971,-4.291602802380532,-2.3987991737355925
24,Orkhon Valley,1800,8.469822015978163,7.05307844348342,5.949825059090825,0.9090909090909092,1.0,0.8666666666666667,1.0,1,2.2636335827117504,1.7399227229858603,0.8946425778270714
26,Valley of Oaxaca,-700,3.176091259055681,2.439332693830263,3.0,0.0,0.0,0.2666666666666667,0.0,1,-4.052071504093677,-5.070114778129783,-2.6893969753440627
26,Valley of Oaxaca,-600,3.176091259055681,2.439332693830263,3.0,0.0,0.0,0.2666666666666667,0.0,1,-4.052071504093677,-5.070114778129783,-2.6893969753440627
26,Valley of Oaxaca,-500,3.676091259055681,2.77663802306855,3.15051499783199,0.0,0.0454545454545454,0.2666666666666667,0.0,2,-3.581118269840085,-4.9821450588389204,-2.63656101141525
26,Valley of Oaxaca,-400,4.176091259055681,3.113943352306837,3.722633922533812,0.0,0.0909090909090909,0.2666666666666667,0.0,1,-2.8356058434980635,-4.894175339548057,-2.583725047486437
26,Valley of Oaxaca,-300,4.458226974274963,3.406456678321428,3.97908118472068,0.15,0.1704545454545454,0.2666666666666667,0.0,2,-2.414424006258405,-4.46309520689813,-2.331433319726356
26,Valley of Oaxaca,-200,4.740362689494244,3.698970004336019,4.235528446907549,0.3,0.25,0.2666666666666667,0.0,1,-1.9932421690187454,-4.032015074248203,-2.079141591966275
26,Valley of Oaxaca,-100,4.696787601634794,4.0,4.198448224571262,0.35,0.25,0.2666666666666667,0.0,2,-1.908445552901584,-3.9396373662845634,-2.0258653283380554
26,Valley of Oaxaca,0,4.653212513775344,4.301029995663981,4.161368002234975,0.4,0.25,0.2666666666666667,0.0,1,-1.8236489367844222,-3.847259658320924,-1.9725890647098356
26,Valley of Oaxaca,100,4.653212513775344,4.301029995663981,4.161368002234975,0.4,0.25,0.2666666666666667,0.0,1,-1.8236489367844222,-3.847259658320924,-1.9725890647098356
26,Valley of Oaxaca,200,4.856955177064478,4.1808639180087965,4.256775260173169,0.325,0.25,0.2666666666666667,0.0,2,-1.7198285091964758,-3.9858262202663823,-2.0525034601521654
26,Valley of Oaxaca,300,5.060697840353612,4.060697840353612,4.352182518111363,0.25,0.25,0.2666666666666667,0.0,1,-1.61600808160853,-4.124392782211841,-2.1324178555944946
26,Valley of Oaxaca,400,5.060697840353612,4.060697840353612,4.352182518111363,0.25,0.25,0.2666666666666667,0.0,1,-1.61600808160853,-4.124392782211841,-2.1324178555944946
26,Valley of Oaxaca,500,5.060697840353612,4.060697840353612,4.352182518111363,0.25,0.25,0.2666666666666667,0.0,1,-1.61600808160853,-4.124392782211841,-2.1324178555944946
26,Valley of Oaxaca,1600,7.462397997898957,6.851258348719075,5.350248018334163,0.9090909090909092,1.0,0.8666666666666667,0.8333333333333334,1,1.3262996017276976,1.3899091577578664,0.7977766439575813
26,Valley of Oaxaca,1700,7.462397997898957,6.851258348719075,5.350248018334163,0.9090909090909092,1.0,0.8666666666666667,0.8333333333333334,1,1.3262996017276976,1.3899091577578664,0.7977766439575813
28,Cahokia,800,2.653212513775344,2.176091259055681,2.653212513775344,0.0,0.0833333333333333,0.0,0.1666666666666667,1,-4.629595450643089,-5.045502325357744,-2.883128843083043
28,Cahokia,900,2.653212513775344,2.176091259055681,2.653212513775344,0.125,0.2083333333333333,0.0,0.25,2,-4.629595450643089,-4.3976345447847764,-2.556206316273514
28,Cahokia,1000,2.653212513775344,2.176091259055681,2.653212513775344,0.25,0.3333333333333333,0.0,0.3333333333333333,1,-4.629595450643089,-3.7497667642118087,-2.229283789463985
28,Cahokia,1100,4.653212513775344,3.397940008672037,4.096910013008056,0.3333333333333333,0.2727272727272727,0.0,0.1666666666666667,1,-2.2522111214817975,-4.063110441888221,-2.3078039025248596
28,Cahokia,1200,4.653212513775344,3.397940008672037,4.096910013008056,0.3333333333333333,0.2727272727272727,0.0,0.1666666666666667,1,-2.2522111214817975,-4.063110441888221,-2.3078039025248596
28,Cahokia,1300,4.130333768495007,2.8750612633917,3.778151250383644,0.1666666666666667,0.2727272727272727,0.0,0.1666666666666667,1,-2.9226249291877267,-4.3710361351003515,-2.485391447952258
28,Cahokia,1400,4.130333768495007,2.8750612633917,3.778151250383644,0.1666666666666667,0.2727272727272727,0.0,0.1666666666666667,1,-2.9226249291877267,-4.3710361351003515,-2.485391447952258
29,Finger Lakes,1600,3.740362689494244,5.0,3.477121254719663,0.0909090909090909,0.0833333333333333,0.1333333333333333,0.3333333333333333,1,-2.3872922933073704,-4.284189825527017,-2.495665107605083
29,Finger Lakes,1700,3.740362689494244,5.0,3.477121254719663,0.0909090909090909,0.0833333333333333,0.1333333333333333,0.3333333333333333,1,-2.3872922933073704,-4.284189825527017,-2.495665107605083
29,Finger Lakes,1800,4.079181246047625,5.0,2.778151250383644,0.0909090909090909,0.0833333333333333,0.1333333333333333,0.6666666666666666,1,-2.6876095397659645,-3.5841626950710297,-2.3019332398661025
30,Cuzco,700,5.477121254719663,5.230448921378274,4.698970004336019,0.5,0.75,0.0666666666666666,0.1666666666666667,1,-0.6990941975675439,-2.7098329633330613,-1.4785728019754363
30,Cuzco,800,5.477121254719663,5.230448921378274,4.698970004336019,0.5,0.75,0.0666666666666666,0.1666666666666667,1,-0.6990941975675439,-2.7098329633330613,-1.4785728019754363
30,Cuzco,900,5.477121254719663,5.230448921378274,4.698970004336019,0.5,0.75,0.0666666666666666,0.1666666666666667,1,-0.6990941975675439,-2.7098329633330613,-1.4785728019754363
30,Cuzco,1400,7.0,6.096910013008056,4.778151250383644,0.6363636363636364,0.75,0.1333333333333333,0.3333333333333333,1,0.41946552089035705,-1.986210461778903,-1.139542033432221
30,Cuzco,1500,7.0,6.096910013008056,4.778151250383644,0.6363636363636364,0.75,0.1333333333333333,0.3333333333333333,1,0.41946552089035705,-1.986210461778903,-1.139542033432221
30,Cuzco,1600,7.462397997898957,6.851258348719075,5.350248018334163,0.9090909090909092,1.0,0.8666666666666667,0.8333333333333334,1,1.3262996017276976,1.3899091577578664,0.7977766439575813
30,Cuzco,1700,7.462397997898957,6.851258348719075,5.350248018334163,0.9090909090909092,1.0,0.8666666666666667,0.8333333333333334,1,1.3262996017276976,1.3899091577578664,0.7977766439575813
31,North Colombia,1100,3.212320803141976,2.176091259055681,2.176091259055681,0.3333333333333333,1.0,0.0666666666666666,0.5,1,-4.68474743253647,-1.8338980699894563,-1.1718306780553847
31,North Colombia,1200,3.212320803141976,2.176091259055681,3.317018101048112,0.3333333333333333,1.0,0.0666666666666666,0.5,1,-3.9417468767893693,-1.8338980699894563,-1.1718306780553847
31,North Colombia,1300,3.212320803141976,2.176091259055681,3.317018101048112,0.3333333333333333,1.0,0.0666666666666666,0.5,1,-3.9417468767893693,-1.8338980699894563,-1.1718306780553847
31,North Colombia,1400,3.880813592280791,2.176091259055681,3.602059991327963,0.3333333333333333,1.0,0.0666666666666666,0.5,1,-3.4505605424675285,-1.8338980699894563,-1.1718306780553847
31,North Colombia,1500,3.880813592280791,2.176091259055681,3.602059991327963,0.3333333333333333,1.0,0.0666666666666666,0.5,1,-3.4505605424675285,-1.8338980699894563,-1.1718306780553847
32,Lowland Andes,1600,2.477121254719663,1.204119982655925,2.477121254719663,0.0,0.0833333333333333,0.0,0.5,1,-5.24083119727009,-4.3454751949017565,-2.6893969753440627
32,Lowland Andes,1700,2.477121254719663,1.204119982655925,2.477121254719663,0.0,0.0833333333333333,0.0,0.5,1,-5.24083119727009,-4.3454751949017565,-2.6893969753440627
32,Lowland Andes,1800,2.477121254719663,1.204119982655925,2.477121254719663,0.0,0.0833333333333333,0.0,0.5,1,-5.24083119727009,-4.3454751949017565,-2.6893969753440627
33,Big Island Hawaii,1800,4.843855422623161,4.22284647997415,4.382953100015041,0.6,0.8888888888888888,0.9333333333333332,0.8333333333333334,1,-1.6256745646001012,0.7254796042626327,0.43614382417815156
